<?xml version="1.0" encoding="UTF-8"?>
<!DOCTYPE fontscolors PUBLIC "-//NetBeans//DTD Editor Fonts and Colors settings 1.2//EN" "https://netbeans.apache.org/dtds/EditorFontsColors-1_2.dtd">
<fontscolors>
    <fontcolor default="comment" foreColor="black" name="javadoc-identifier"/>
    <fontcolor name="mod-public"/>
    <fontcolor default="identifier" name="mod-interface-declaration">
        <font style="bold"/>
    </fontcolor>
    <fontcolor default="operator" name="operator"/>
    <fontcolor default="number" foreColor="ff006666" name="number"/>
    <fontcolor bgColor="ffffffcc" default="char" name="character"/>
    <fontcolor default="identifier" name="mod-parameter"/>
    <fontcolor default="comment" name="javadoc-first-sentence">
        <font style="bold"/>
    </fontcolor>
    <fontcolor default="string" name="string-escape">
        <font style="bold"/>
    </fontcolor>
    <fontcolor default="keyword" name="keyword"/>
    <fontcolor default="identifier" foreColor="ff003333" name="identifier"/>
    <fontcolor default="field" name="mod-field"/>
    <fontcolor default="method" name="mod-method"/>
    <fontcolor default="identifier" name="mod-interface"/>
    <fontcolor default="identifier" name="mod-constructor-declaration">
        <font style="bold"/>
    </fontcolor>
    <fontcolor default="comment" foreColor="ff9999ff" name="html-tag">
        <font style="bold"/>
    </fontcolor>
    <fontcolor default="separator" foreColor="ff990099" name="separator"/>
    <fontcolor default="identifier" name="mod-parameter-declaration"/>
    <fontcolor default="field" name="mod-record-component-declaration"/>
    <fontcolor name="mod-static">
        <font style="italic"/>
    </fontcolor>
    <fontcolor default="character" name="character-escape">
        <font style="bold"/>
    </fontcolor>
    <fontcolor default="identifier" name="mod-class-declaration">
        <font style="bold"/>
    </fontcolor>
    <fontcolor default="identifier" name="mod-module"/>
    <fontcolor default="field" name="mod-field-declaration"/>
    <fontcolor name="mod-abstract"/>
    <fontcolor default="string" name="string"/>
    <fontcolor default="field" name="mod-record-component"/>
    <fontcolor name="mod-unindented-text-block"/>
    <fontcolor default="identifier" name="mod-class"/>
    <fontcolor name="mod-unused" waveUnderlined="ff999999"/>
    <fontcolor default="method" name="mod-method-declaration">
        <font style="bold"/>
    </fontcolor>
    <fontcolor default="identifier" name="mod-module-declaration">
        <font style="bold"/>
    </fontcolor>
    <fontcolor default="keyword" name="keyword-directive"/>
    <fontcolor default="keyword" name="literal"/>
    <fontcolor name="mod-deprecated" strikeThrough="black"/>
    <fontcolor default="identifier" name="mod-annotation-type"/>
    <fontcolor default="identifier" name="mod-record"/>
    <fontcolor default="string" name="string-escape-invalid" waveUnderlined="ffce7b00">
        <font style="bold"/>
    </fontcolor>
    <fontcolor default="identifier" name="mod-local-variable"/>
    <fontcolor default="keyword" name="mod-keyword"/>
    <fontcolor default="comment" name="javadoc-tag">
        <font style="bold"/>
    </fontcolor>
    <fontcolor default="identifier" name="mod-annotation-type-declaration">
        <font style="bold"/>
    </fontcolor>
    <fontcolor name="mod-protected"/>
    <fontcolor default="character" name="character-escape-invalid">
        <font style="italic"/>
    </fontcolor>
    <fontcolor default="identifier" name="mod-enum"/>
    <fontcolor default="identifier" name="mod-local-variable-declaration"/>
    <fontcolor name="mod-private"/>
    <fontcolor default="identifier" name="mod-enum-declaration">
        <font style="bold"/>
    </fontcolor>
    <fontcolor name="mod-package-private"/>
    <fontcolor default="comment" name="comment"/>
    <fontcolor default="whitespace" name="whitespace"/>
    <fontcolor default="identifier" name="mod-constructor"/>
</fontscolors>
