<?xml version="1.0" encoding="UTF-8"?>
<!DOCTYPE fontscolors PUBLIC "-//NetBeans//DTD Editor Fonts and Colors settings 1.2//EN" "https://netbeans.apache.org/dtds/EditorFontsColors-1_2.dtd">
<fontscolors>
    <fontcolor default="identifier" name="identifier"/>
    <fontcolor default="field" name="mod-field"/>
    <fontcolor default="comment" foreColor="ff9999ff" name="COMMENT_HTML">
        <font style="bold"/>
    </fontcolor>
    <fontcolor default="number" name="constant"/>
    <fontcolor default="string" name="string"/>
    <fontcolor name="mod-global"/>
    <fontcolor name="mod-class"/>
    <fontcolor foreColor="ffffc66d" name="mod-method"/>
    <fontcolor default="comment" name="comment-line"/>
    <fontcolor name="mod-unused" waveUnderlined="ff999999"/>
    <fontcolor default="error" name="error"/>
    <fontcolor default="separator" name="separator"/>
    <fontcolor default="comment" name="COMMENT"/>
    <fontcolor default="operator" name="operator"/>
    <fontcolor default="identifier" name="mod-local-variable-declaration"/>
    <fontcolor default="regexp" foreColor="ff6a8759" name="mod-regexp"/>
    <fontcolor default="keyword" name="mod-custom2"/>
    <fontcolor foreColor="ff666666" name="mod-custom1">
        <font style="bold"/>
    </fontcolor>
    <fontcolor default="comment" name="COMMENT_KEYWORD">
        <font style="bold"/>
    </fontcolor>
    <fontcolor default="keyword" name="keyword">
        <font style="bold"/>
    </fontcolor>
    <fontcolor default="whitespace" name="whitespace"/>
    <fontcolor default="identifier" name="mod-local-variable"/>
</fontscolors>
