<?xml version="1.0" encoding="UTF-8"?>
<!DOCTYPE fontscolors PUBLIC "-//NetBeans//DTD Editor Fonts and Colors settings 1.2//EN" "https://netbeans.apache.org/dtds/EditorFontsColors-1_2.dtd">
<fontscolors>
    <fontcolor bgColor="ff364135" name="mark-occurrences"/>
    <fontcolor foreColor="ff02d87f" name="identifier">
        <font name="Noto Sans" style="plain"/>
    </fontcolor>
    <fontcolor default="field" foreColor="ffbababa" name="markup-attribute"/>
    <fontcolor default="identifier" name="method"/>
    <fontcolor foreColor="ff99cc00" name="string">
        <font name="Noto Sans" style="plain"/>
    </fontcolor>
    <fontcolor default="keyword" foreColor="ffe8bf6a" name="markup-element"/>
    <fontcolor default="string" foreColor="ffa5c261" name="markup-attribute-value"/>
    <fontcolor name="error" waveUnderlined="ff9e2927"/>
    <fontcolor default="default" name="entity-reference"/>
    <fontcolor foreColor="ffd715ff" name="separator">
        <font name="Noto Sans" style="plain"/>
    </fontcolor>
    <fontcolor foreColor="ffff66cc" name="operator">
        <font name="Noto Sans" style="bold"/>
    </fontcolor>
    <fontcolor foreColor="ff287bde" name="url" underline="ff287bde"/>
    <fontcolor foreColor="ff00ccff" name="number">
        <font name="Noto Sans" style="bold"/>
    </fontcolor>
    <fontcolor bgColor="ff2b2b2b" foreColor="ffa9b7c6" name="default"/>
    <fontcolor default="identifier" foreColor="ff9876aa" name="field"/>
    <fontcolor bgColor="darkGray" foreColor="yellow" name="char"/>
    <fontcolor bgColor="ff52503a" name="warning" waveUnderlined="ff52503a"/>
    <fontcolor foreColor="gray" name="comment"/>
    <fontcolor foreColor="ffcc00cc" name="keyword">
        <font name="Noto Sans" style="bold"/>
    </fontcolor>
    <fontcolor foreColor="ff505050" name="whitespace"/>
</fontscolors>
