<?xml version="1.0" encoding="UTF-8"?>
<library xmlns="http://www.netbeans.org/ns/library-declaration/3" version="3.0">
    <name>MS_SQL_Server</name>
    <type>j2se</type>
    <display-name>MS SQL Server</display-name>
    <volume>
        <type>classpath</type>
        <resource>jar:file:/C:/Users/Acer%20Nitro%205/Documents/SQL%20Server%20Management%20Studio/SQL%20JDBC%20driver/sqljdbc_11.2/enu/mssql-jdbc-11.2.1.jre17.jar!/</resource>
    </volume>
    <volume>
        <type>src</type>
    </volume>
    <volume>
        <type>javadoc</type>
    </volume>
    <volume>
        <type>maven-pom</type>
    </volume>
    <properties/>
</library>
