<?xml version="1.0" encoding="UTF-8"?>
<library xmlns="http://www.netbeans.org/ns/library-declaration/3" version="3.0">
    <name>MySQL_Driver_Library</name>
    <type>j2se</type>
    <display-name>MySQL Driver Library</display-name>
    <volume>
        <type>classpath</type>
        <resource>jar:file:/C:/Users/Acer%20Nitro%205/Documents/MySQL%20driver%20archives/mysql-connector-java-8.0.28/mysql-connector-java-8.0.28.jar!/</resource>
    </volume>
    <volume>
        <type>src</type>
    </volume>
    <volume>
        <type>javadoc</type>
    </volume>
    <volume>
        <type>maven-pom</type>
    </volume>
    <properties/>
</library>
