<?xml version="1.0" encoding="UTF-8"?>
<!DOCTYPE fontscolors PUBLIC "-//NetBeans//DTD Editor Fonts and Colors settings 1.2//EN" "https://netbeans.apache.org/dtds/EditorFontsColors-1_2.dtd">
<fontscolors>
    <fontcolor default="string" name="uris"/>
    <fontcolor default="comment" name="comments"/>
    <fontcolor default="string" name="strings"/>
    <fontcolor default="operator" name="operators"/>
    <fontcolor default="identifier" name="identifiers"/>
    <fontcolor default="number" name="numbers"/>
    <fontcolor default="number" name="hashes"/>
    <fontcolor default="separator" name="separators"/>
    <fontcolor default="separator" name="braces"/>
    <fontcolor default="default" name="others"/>
    <fontcolor default="default" name="whitespaces"/>
</fontscolors>
